	#Organism/Name	TaxID	BioProject Accession	BioProject ID	Group	SubGroup	Size (Mb)	GC%	Assembly Accession	Replicons	WGS	Scaffolds	Genes	Proteins	Release Date	Modify Date	Status	Center	BioSample Accession
2	Arabidopsis thaliana	3702	PRJNA10719	10719	Plants	Land Plants	119.669	36.0529	GCA_000001735.2	chromosome 1:NC_003070.9/CP002684.1; chromosome 2:NC_003071.7/CP002685.1; chromosome 3:NC_003074.8/CP002686.1; chromosome 4:NC_003075.7/CP002687.1; chromosome 5:NC_003076.8/CP002688.1; mitochondrion MT:NC_037304.1/BK010421.1; chloroplast Pltd:NC_000932.1/AP000423.1		7	38311.0	48265.0	2001/08/13	2022/10/20	Chromosome	The Arabidopsis Information Resource (TAIR)	SAMN03081427
18093	Arabidopsis thaliana	3702	PRJEB55353	933067	Plants	Land Plants	143.501	36.3502	GCA_946409825.1	chromosome 1:OX291666.1; chromosome 2:OX291667.1; chromosome 3:OX291668.1; chromosome 4:OX291669.1; chromosome 5:OX291670.1		5			2023/02/09	2023/02/10	Complete Genome	max planck institute for biology tuebingen	SAMEA110648803
18095	Arabidopsis thaliana	3702	PRJNA915353	915353	Plants	Land Plants	142.481	37.3051	GCA_028009825.2	chromosome 1:CP116280.1; chromosome 2:CP116281.2; chromosome 3:CP116282.1; chromosome 4:CP116283.2; chromosome 5:CP116284.1		5			2023/01/26	2023/01/26	Complete Genome	Community-Consensus Arabidopsis Thaliana Reference Genome Assembly Consortium	SAMN32386944
20833	Arabidopsis thaliana	3702	PRJNA828135	828135	Plants	Land Plants	132.081	36.2436	GCA_023115395.1	chromosome 1:CP096024.1; chromosome 2:CP096025.1; chromosome 3:CP096026.1; chromosome 4:CP096027.1; chromosome 5:CP096028.1; mitochondrion MT:CP096029.1; chloroplast Pltd:CP096030.1		7			2022/04/26	2022/04/26	Complete Genome	The Salk Institute for Biological Studies	SAMN27631187
20834	Arabidopsis thaliana	3702	PRJEB55353	933067	Plants	Land Plants	139.933	36.4989	GCA_946405265.1	chromosome 1:OX291486.1; chromosome 2:OX291487.1; chromosome 3:OX291488.1; chromosome 4:OX291489.1; chromosome 5:OX291490.1		5			2023/02/09	2023/02/10	Chromosome	max planck institute for biology tuebingen	SAMEA110648819
22081	Arabidopsis thaliana	3702	PRJEB55353	933067	Plants	Land Plants	133.376	36.3976	GCA_946409395.1	chromosome 1:OX291655.1; chromosome 2:OX291659.1; chromosome 3:OX291656.1; chromosome 4:OX291657.1; chromosome 5:OX291658.1		5			2023/02/09	2023/02/10	Chromosome	max planck institute for biology tuebingen	SAMEA110648788
22083	Arabidopsis thaliana	3702	PRJNA777107	777107	Plants	Land Plants	133.917	36.3667	GCA_020911765.2	chromosome 1:CP087126.2; chromosome 2:CP087127.2; chromosome 3:CP087128.1; chromosome 4:CP087129.2; chromosome 5:CP087130.2		5			2021/11/22	2022/07/13	Chromosome	Institute of Genetics and Developmental Biology, The Innovative Academy of Seed Design	SAMN22999947
22905	Arabidopsis thaliana	3702	PRJEB55353	933067	Plants	Land Plants	140.009	36.5245	GCA_946413285.1	chromosome 1:OX291750.1; chromosome 2:OX291751.1; chromosome 3:OX291752.1; chromosome 4:OX291753.1; chromosome 5:OX291754.1		5			2023/02/09	2023/02/10	Chromosome	max planck institute for biology tuebingen	SAMEA110648809
22906	Arabidopsis thaliana	3702	PRJEB55353	933067	Plants	Land Plants	138.895	36.5433	GCA_946406595.1	chromosome 1:OX291576.1; chromosome 2:OX291577.1; chromosome 3:OX291578.1; chromosome 4:OX291579.1; chromosome 5:OX291580.1		5			2023/02/09	2023/02/10	Chromosome	max planck institute for biology tuebingen	SAMEA110648781
23508	Arabidopsis thaliana	3702	PRJEB55353	933067	Plants	Land Plants	148.251	36.5538	GCA_946406895.1	chromosome 1:OX291595.1; chromosome 2:OX291596.1; chromosome 3:OX291597.1; chromosome 4:OX291598.1; chromosome 5:OX291599.1		5			2023/02/09	2023/02/10	Chromosome	max planck institute for biology tuebingen	SAMEA110648776
23510	Arabidopsis thaliana	3702	PRJEB55353	933067	Plants	Land Plants	141.023	36.544	GCA_946411655.1	chromosome 1:OX291709.1; chromosome 2:OX291710.1; chromosome 3:OX291711.1; chromosome 4:OX291712.1; chromosome 5:OX291713.1		5			2023/02/09	2023/02/10	Chromosome	max planck institute for biology tuebingen	SAMEA110648795
23982	Arabidopsis thaliana	3702	PRJEB55353	933067	Plants	Land Plants	136.599	36.4117	GCA_946415625.1	chromosome 1:OX291805.1; chromosome 2:OX291806.1; chromosome 3:OX291807.1; chromosome 4:OX291808.1; chromosome 5:OX291809.1		5			2023/02/09	2023/02/10	Chromosome	max planck institute for biology tuebingen	SAMEA110648797
23983	Arabidopsis thaliana	3702	PRJEB55353	933067	Plants	Land Plants	139.083	36.4766	GCA_946407795.1	chromosome 1:OX291617.1; chromosome 2:OX291618.1; chromosome 3:OX291619.1; chromosome 4:OX291620.1; chromosome 5:OX291621.1		5			2023/02/09	2023/02/10	Chromosome	max planck institute for biology tuebingen	SAMEA110648815
24384	Arabidopsis thaliana	3702	PRJEB55353	933067	Plants	Land Plants	140.384	36.3768	GCA_946414125.1	chromosome 1:OX291775.1; chromosome 2:OX291776.1; chromosome 3:OX291777.1; chromosome 4:OX291778.1; chromosome 5:OX291779.1		5			2023/02/09	2023/02/10	Chromosome	max planck institute for biology tuebingen	SAMEA110648801
24386	Arabidopsis thaliana	3702	PRJEB50694	811908	Plants	Land Plants	136.135	36.39	GCA_946499665.1	chromosome 1:OX298797.1; chromosome 2:OX298798.1; chromosome 3:OX298799.1; chromosome 4:OX298800.1; chromosome 5:OX298801.1		5			2022/08/25	2022/08/27	Chromosome	max planck institute for biology tuebingen	SAMEA13018399
24726	Arabidopsis thaliana	3702	PRJEB55353	933067	Plants	Land Plants	136.066	36.2947	GCA_946408365.1	chromosome 1:OX291622.1; chromosome 2:OX291623.1; chromosome 3:OX291624.1; chromosome 4:OX291625.1; chromosome 5:OX291626.1		5			2023/02/09	2023/02/10	Chromosome	max planck institute for biology tuebingen	SAMEA110648799
24728	Arabidopsis thaliana	3702	PRJEB55353	933067	Plants	Land Plants	135.704	36.4113	GCA_946406975.1	chromosome 1:OX291600.1; chromosome 2:OX291601.1; chromosome 3:OX291602.1; chromosome 4:OX291603.1; chromosome 5:OX291604.1		5			2023/02/09	2023/02/10	Chromosome	max planck institute for biology tuebingen	SAMEA110648789
25042	Arabidopsis thaliana	3702	PRJEB55353	933067	Plants	Land Plants	135.604	36.3582	GCA_946405525.1	chromosome 1:OX291508.1; chromosome 2:OX291509.1; chromosome 3:OX291510.1; chromosome 4:OX291511.1; chromosome 5:OX291512.1		5			2023/02/09	2023/02/10	Chromosome	max planck institute for biology tuebingen	SAMEA110648791
25043	Arabidopsis thaliana	3702	PRJEB55353	933067	Plants	Land Plants	138.054	36.4439	GCA_946411885.1	chromosome 1:OX291719.1; chromosome 2:OX291720.1; chromosome 3:OX291721.1; chromosome 4:OX291722.1; chromosome 5:OX291723.1		5			2023/02/09	2023/02/10	Chromosome	max planck institute for biology tuebingen	SAMEA110648820
25327	Arabidopsis thaliana	3702	PRJEB55353	933067	Plants	Land Plants	137.851	36.3751	GCA_946410485.1	chromosome 1:OX291682.1; chromosome 2:OX291683.1; chromosome 3:OX291684.1; chromosome 4:OX291685.1; chromosome 5:OX291686.1		5			2023/02/09	2023/02/10	Chromosome	max planck institute for biology tuebingen	SAMEA110648810
25328	Arabidopsis thaliana	3702	PRJEB55353	933067	Plants	Land Plants	137.365	36.3657	GCA_946404385.1	chromosome 1:OX291460.1; chromosome 2:OX291461.1; chromosome 3:OX291462.1; chromosome 4:OX291463.1; chromosome 5:OX291464.1		5			2023/02/09	2023/02/10	Chromosome	max planck institute for biology tuebingen	SAMEA110648783
25587	Arabidopsis thaliana	3702	PRJEB55353	933067	Plants	Land Plants	137.76	36.3868	GCA_946406625.1	chromosome 1:OX291581.1; chromosome 2:OX291582.1; chromosome 3:OX291583.1; chromosome 4:OX291584.1; chromosome 5:OX291585.1		5			2023/02/09	2023/02/10	Chromosome	max planck institute for biology tuebingen	SAMEA110648808
25588	Arabidopsis thaliana	3702	PRJEB55353	933067	Plants	Land Plants	134.511	36.3342	GCA_946406525.1	chromosome 1:OX291571.1; chromosome 2:OX291572.1; chromosome 3:OX291573.1; chromosome 4:OX291574.1; chromosome 5:OX291575.1		5			2023/02/09	2023/02/10	Chromosome	max planck institute for biology tuebingen	SAMEA110648802
25824	Arabidopsis thaliana	3702	PRJEB55353	933067	Plants	Land Plants	135.797	36.4151	GCA_946413405.1	chromosome 1:OX291760.1; chromosome 2:OX291761.1; chromosome 3:OX291762.1; chromosome 4:OX291763.1; chromosome 5:OX291764.1		5			2023/02/09	2023/02/10	Chromosome	max planck institute for biology tuebingen	SAMEA110648798
25825	Arabidopsis thaliana	3702	PRJEB55353	933067	Plants	Land Plants	139.502	36.4606	GCA_946404515.1	chromosome 1:OX291465.1; chromosome 2:OX291466.1; chromosome 3:OX291467.1; chromosome 4:OX291468.1; chromosome 5:OX291469.1		5			2023/02/09	2023/02/10	Chromosome	max planck institute for biology tuebingen	SAMEA110648822
26035	Arabidopsis thaliana	3702	PRJEB55353	933067	Plants	Land Plants	136.087	36.2788	GCA_946405545.1	chromosome 1:OX291513.1; chromosome 2:OX291514.1; chromosome 3:OX291515.1; chromosome 4:OX291516.1; chromosome 5:OX291517.1		5			2023/02/09	2023/02/10	Chromosome	max planck institute for biology tuebingen	SAMEA110648812
26036	Arabidopsis thaliana	3702	PRJEB55353	933067	Plants	Land Plants	138.71	36.4461	GCA_946413305.1	chromosome 1:OX291755.1; chromosome 2:OX291756.1; chromosome 3:OX291757.1; chromosome 4:OX291758.1; chromosome 5:OX291759.1		5			2023/02/09	2023/02/10	Chromosome	max planck institute for biology tuebingen	SAMEA110648818
26229	Arabidopsis thaliana	3702	PRJEB55353	933067	Plants	Land Plants	138.014	36.4222	GCA_946414305.1	chromosome 1:OX291781.1; chromosome 2:OX291782.1; chromosome 3:OX291783.1; chromosome 4:OX291784.1; chromosome 5:OX291785.1		5			2023/02/09	2023/02/10	Chromosome	max planck institute for biology tuebingen	SAMEA110648806
26230	Arabidopsis thaliana	3702	PRJEB55632	947457	Plants	Land Plants	136.505	36.3391	GCA_949796645.1	chromosome 1:OX461135.1; chromosome 2:OX461136.1; chromosome 3:OX461137.1; chromosome 4:OX461138.1; chromosome 5:OX461139.1		5			2023/04/09	2023/04/10	Chromosome	max planck institute for biology	SAMEA110755672
26415	Arabidopsis thaliana	3702	PRJEB55353	933067	Plants	Land Plants	138.694	36.5058	GCA_946415165.1	chromosome 1:OX291791.1; chromosome 2:OX291792.1; chromosome 3:OX291793.1; chromosome 4:OX291794.1; chromosome 5:OX291795.1		5			2023/02/09	2023/02/10	Chromosome	max planck institute for biology tuebingen	SAMEA110648807
26416	Arabidopsis thaliana	3702	PRJEB55353	933067	Plants	Land Plants	136.497	36.3518	GCA_946415005.1	chromosome 1:OX291786.1; chromosome 2:OX291787.1; chromosome 3:OX291788.1; chromosome 4:OX291789.1; chromosome 5:OX291790.1		5			2023/02/09	2023/02/10	Chromosome	max planck institute for biology tuebingen	SAMEA110648778
26589	Arabidopsis thaliana	3702	PRJEB55353	933067	Plants	Land Plants	135.212	36.338	GCA_946403525.1	chromosome 1:OX291450.1; chromosome 2:OX291451.1; chromosome 3:OX291452.1; chromosome 4:OX291453.1; chromosome 5:OX291454.1		5			2023/02/09	2023/02/10	Chromosome	max planck institute for biology tuebingen	SAMEA110648786
26592	Arabidopsis thaliana	3702	PRJEB55632	947457	Plants	Land Plants	138.593	36.2845	GCA_949796385.1	chromosome 1:OX461165.1; chromosome 2:OX461166.1; chromosome 3:OX461167.1; chromosome 4:OX461168.1; chromosome 5:OX461169.1		5			2023/04/09	2023/04/10	Chromosome	max planck institute for biology	SAMEA110755686
26748	Arabidopsis thaliana	3702	PRJEB55353	933067	Plants	Land Plants	135.578	36.3735	GCA_946408975.1	chromosome 1:OX291649.1; chromosome 2:OX291650.1; chromosome 3:OX291651.1; chromosome 4:OX291652.1; chromosome 5:OX291653.1		5			2023/02/09	2023/02/10	Chromosome	max planck institute for biology tuebingen	SAMEA110648787
26752	Arabidopsis thaliana	3702	PRJEB55353	933067	Plants	Land Plants	133.702	36.2994	GCA_946412005.1	chromosome 1:OX291730.1; chromosome 2:OX291731.1; chromosome 3:OX291732.1; chromosome 4:OX291733.1; chromosome 5:OX291734.1		5			2023/02/09	2023/02/10	Chromosome	max planck institute for biology tuebingen	SAMEA110648814
26898	Arabidopsis thaliana	3702	PRJEB55353	933067	Plants	Land Plants	136.903	36.4695	GCA_946406325.1	chromosome 1:OX291566.1; chromosome 2:OX291567.1; chromosome 3:OX291568.1; chromosome 4:OX291569.1; chromosome 5:OX291570.1		5			2023/02/09	2023/02/10	Chromosome	max planck institute for biology tuebingen	SAMEA110648804
26901	Arabidopsis thaliana	3702	PRJEB55353	933067	Plants	Land Plants	138.18	36.4044	GCA_946403025.1	chromosome 1:OX291436.1; chromosome 2:OX291437.1; chromosome 3:OX291438.1; chromosome 4:OX291439.1; chromosome 5:OX291440.1		5			2023/02/09	2023/02/10	Chromosome	max planck institute for biology tuebingen	SAMEA110648792
27035	Arabidopsis thaliana	3702	PRJEB55353	933067	Plants	Land Plants	134.187	36.4188	GCA_946412065.1	chromosome 1:OX291735.1; chromosome 2:OX291736.1; chromosome 3:OX291737.1; chromosome 4:OX291738.1; chromosome 5:OX291739.1		5			2023/02/09	2023/02/10	Chromosome	max planck institute for biology tuebingen	SAMEA110648793
27039	Arabidopsis thaliana	3702	PRJEB55353	933067	Plants	Land Plants	134.915	36.2813	GCA_946409815.1	chromosome 1:OX291671.1; chromosome 2:OX291672.1; chromosome 3:OX291673.1; chromosome 4:OX291674.1; chromosome 5:OX291675.1		5			2023/02/09	2023/02/10	Chromosome	max planck institute for biology tuebingen	SAMEA110648800
27168	Arabidopsis thaliana	3702	PRJEB55353	933067	Plants	Land Plants	135.495	36.4075	GCA_946411375.1	chromosome 1:OX291695.1; chromosome 2:OX291696.1; chromosome 3:OX291697.1; chromosome 4:OX291698.1; chromosome 5:OX291699.1		5			2023/02/09	2023/02/10	Chromosome	max planck institute for biology tuebingen	SAMEA110648805
27169	Arabidopsis thaliana	3702	PRJEB55632	947457	Plants	Land Plants	133.039	36.2908	GCA_949796455.1	chromosome 1:OX461155.1; chromosome 2:OX461156.1; chromosome 3:OX461157.1; chromosome 4:OX461158.1; chromosome 5:OX461159.1		5			2023/04/09	2023/04/10	Chromosome	max planck institute for biology	SAMEA110755675
27288	Arabidopsis thaliana	3702	PRJEB55353	933067	Plants	Land Plants	140.706	36.4553	GCA_946413935.1	chromosome 1:OX291766.1; chromosome 2:OX291767.1; chromosome 3:OX291768.1; chromosome 4:OX291769.1; chromosome 5:OX291770.1		5			2023/02/09	2023/02/10	Chromosome	max planck institute for biology tuebingen	SAMEA110648823
27289	Arabidopsis thaliana	3702	PRJEB55353	933067	Plants	Land Plants	135.923	36.3872	GCA_946406735.1	chromosome 1:OX291590.1; chromosome 2:OX291591.1; chromosome 3:OX291592.1; chromosome 4:OX291593.1; chromosome 5:OX291594.1		5			2023/02/09	2023/02/10	Chromosome	max planck institute for biology tuebingen	SAMEA110648782
27402	Arabidopsis thaliana	3702	PRJEB55353	933067	Plants	Land Plants	136.875	36.3523	GCA_946404075.1	chromosome 1:OX291455.1; chromosome 2:OX291456.1; chromosome 3:OX291457.1; chromosome 4:OX291458.1; chromosome 5:OX291459.1		5			2023/02/09	2023/02/10	Chromosome	max planck institute for biology tuebingen	SAMEA110648777
27404	Arabidopsis thaliana	3702	PRJEB55353	933067	Plants	Land Plants	138.715	36.4775	GCA_946415445.1	chromosome 1:OX291800.1; chromosome 2:OX291801.1; chromosome 3:OX291802.1; chromosome 4:OX291803.1; chromosome 5:OX291804.1		5			2023/02/09	2023/02/10	Chromosome	max planck institute for biology tuebingen	SAMEA110648811
27517	Arabidopsis thaliana	3702	PRJEB37257	630635	Plants	Land Plants	118.889	36.1291	GCA_903064285.1	chromosome 1:LR797802.1; chromosome 2:LR797803.1; chromosome 3:LR797804.1; chromosome 4:LR797805.1; chromosome 5:LR797806.1		5			2020/05/15	2020/05/15	Chromosome	MAX PLANCK INSTITUTE FOR DEVELOPMENTAL BIOLOGY	SAMEA6623702
27518	Arabidopsis thaliana	3702	PRJEB37258	630636	Plants	Land Plants	119.797	36.157	GCA_903064295.1	chromosome 1:LR797797.1; chromosome 2:LR797798.1; chromosome 3:LR797799.1; chromosome 4:LR797800.1; chromosome 5:LR797801.1		5			2020/05/15	2020/05/15	Chromosome	MAX PLANCK INSTITUTE FOR DEVELOPMENTAL BIOLOGY	SAMEA6623703
27623	Arabidopsis thaliana	3702	PRJEB55353	933067	Plants	Land Plants	134.758	36.3366	GCA_946415655.1	chromosome 1:OX291810.1; chromosome 2:OX291811.1; chromosome 3:OX291812.1; chromosome 4:OX291813.1; chromosome 5:OX291814.1		5			2023/02/09	2023/02/10	Chromosome	max planck institute for biology tuebingen	SAMEA110648794
27625	Arabidopsis thaliana	3702	PRJEB40125	662758	Plants	Land Plants	130.173	36.7061	GCA_904420315.1	chromosome 1:LR881466.1; chromosome 2:LR881467.1; chromosome 3:LR881468.1; chromosome 4:LR881469.1; chromosome 5:LR881470.1; mitochondrion MT:LR881472.1; chloroplast Pltd:LR881471.1		7	23404.0	23632.0	2020/09/11	2020/09/11	Chromosome	MAX-PLANCK INSTITUTE FOR DEVELOPMENTAL BIOLOGY	SAMEA7282576
27724	Arabidopsis thaliana	3702	PRJEB55353	933067	Plants	Land Plants	140.01	36.4102	GCA_946405725.1	chromosome 1:OX291518.1; chromosome 2:OX291519.1; chromosome 3:OX291520.1; chromosome 4:OX291521.1; chromosome 5:OX291522.1		5			2023/02/09	2023/02/10	Chromosome	max planck institute for biology tuebingen	SAMEA110648817
27725	Arabidopsis thaliana	3702	PRJEB55353	933067	Plants	Land Plants	134.087	36.2945	GCA_946404995.1	chromosome 1:OX291481.1; chromosome 2:OX291482.1; chromosome 3:OX291483.1; chromosome 4:OX291484.1; chromosome 5:OX291485.1		5			2023/02/09	2023/02/10	Chromosome	max planck institute for biology tuebingen	SAMEA110648780
27818	Arabidopsis thaliana	3702	PRJEB55353	933067	Plants	Land Plants	137.509	36.3253	GCA_946412225.1	chromosome 1:OX291741.1; chromosome 2:OX291742.1; chromosome 3:OX291743.1; chromosome 4:OX291744.1; chromosome 5:OX291745.1		5			2023/02/09	2023/02/10	Chromosome	max planck institute for biology tuebingen	SAMEA110648816
27819	Arabidopsis thaliana	3702	PRJNA779205	779205	Plants	Land Plants	123.948	36.1972	GCA_024498475.1	chromosome 1:CP086739.1; chromosome 2:CP086740.1; chromosome 3:CP086741.1; chromosome 4:CP086742.1; chromosome 5:CP086743.1		5			2022/08/01	2022/08/01	Chromosome	GMI - Gregor Mendel Institute	SAMN23014731
27908	Arabidopsis thaliana	3702	PRJEB50694	811908	Plants	Land Plants	134.557	36.452	GCA_946499705.1	chromosome 1:OX298802.1; chromosome 2:OX298803.1; chromosome 3:OX298804.1; chromosome 4:OX298805.1; chromosome 5:OX298806.1		5			2022/08/25	2022/08/27	Chromosome	max planck institute for biology tuebingen	SAMEA13018400
27910	Arabidopsis thaliana	3702	PRJEB55353	933067	Plants	Land Plants	138.39	36.4677	GCA_946405905.1	chromosome 1:OX291523.1; chromosome 2:OX291524.1; chromosome 3:OX291525.1; chromosome 4:OX291526.1; chromosome 5:OX291527.1		5			2023/02/09	2023/02/10	Chromosome	max planck institute for biology tuebingen	SAMEA110648796
27999	Arabidopsis thaliana	3702	PRJEB55353	933067	Plants	Land Plants	141.195	36.4653	GCA_946411425.1	chromosome 1:OX291700.1; chromosome 2:OX291701.1; chromosome 3:OX291702.1; chromosome 4:OX291703.1; chromosome 5:OX291704.1		5			2023/02/09	2023/02/10	Chromosome	max planck institute for biology tuebingen	SAMEA110648813
28001	Arabidopsis thaliana	3702	PRJNA779205	779205	Plants	Land Plants	127.151	36.3269	GCA_024498435.1	chromosome 1:CP086729.1; chromosome 2:CP086730.1; chromosome 3:CP086731.1; chromosome 4:CP086732.1; chromosome 5:CP086733.1		5			2022/08/01	2022/08/01	Chromosome	GMI - Gregor Mendel Institute	SAMN23014733
28086	Arabidopsis thaliana	3702	PRJEB55353	933067	Plants	Land Plants	136.636	36.3684	GCA_946407145.1	chromosome 1:OX291605.1; chromosome 2:OX291606.1; chromosome 3:OX291607.1; chromosome 4:OX291608.1; chromosome 5:OX291609.1		5			2023/02/09	2023/02/10	Chromosome	max planck institute for biology tuebingen	SAMEA110648785
28088	Arabidopsis thaliana	3702	PRJEB55353	933067	Plants	Land Plants	134.86	36.4917	GCA_946402385.1	chromosome 1:OX291429.1; chromosome 2:OX291430.1; chromosome 3:OX291431.1; chromosome 4:OX291432.1; chromosome 5:OX291433.1		5			2023/02/09	2023/02/10	Chromosome	max planck institute for biology tuebingen	SAMEA110648779
28171	Arabidopsis thaliana	3702	PRJEB55353	933067	Plants	Land Plants	135.008	36.3202	GCA_946408575.1	chromosome 1:OX291627.1; chromosome 2:OX291628.1; chromosome 3:OX291629.1; chromosome 4:OX291630.1; chromosome 5:OX291631.1		5			2023/02/09	2023/02/10	Chromosome	max planck institute for biology tuebingen	SAMEA110648790
28172	Arabidopsis thaliana	3702	PRJEB55632	947457	Plants	Land Plants	136.472	36.3397	GCA_949796475.1	chromosome 1:OX461200.1; chromosome 2:OX461201.1; chromosome 3:OX461202.1; chromosome 4:OX461203.1; chromosome 5:OX461204.1		5			2023/04/09	2023/04/10	Chromosome	max planck institute for biology	SAMEA110755688
28254	Arabidopsis thaliana	3702	PRJEB55353	933067	Plants	Land Plants	136.412	36.3523	GCA_946410165.1	chromosome 1:OX291677.1; chromosome 2:OX291678.1; chromosome 3:OX291679.1; chromosome 4:OX291680.1; chromosome 5:OX291681.1		5			2023/02/09	2023/02/10	Chromosome	max planck institute for biology tuebingen	SAMEA110648784
28255	Arabidopsis thaliana	3702	PRJEB55632	947457	Plants	Land Plants	136.184	36.2963	GCA_949796605.1	chromosome 1:OX461145.1; chromosome 2:OX461146.1; chromosome 3:OX461147.1; chromosome 4:OX461148.1; chromosome 5:OX461149.1		5			2023/04/09	2023/04/10	Chromosome	max planck institute for biology	SAMEA110755683
28337	Arabidopsis thaliana	3702	PRJEB37252	630634	Plants	Land Plants	119.777	36.1708	GCA_902825305.1	chromosome 1:LR782542.1; chromosome 2:LR782543.1; chromosome 3:LR782544.1; chromosome 4:LR782545.1; chromosome 5:LR782546.1		5			2020/05/06	2020/05/06	Chromosome	MAX PLANCK INSTITUTE FOR DEVELOPMENTAL BIOLOGY	SAMEA6620825
28339	Arabidopsis thaliana	3702	PRJEB37261	630639	Plants	Land Plants	117.836	36.042	GCA_903064275.1	chromosome 1:LR797792.1; chromosome 2:LR797793.1; chromosome 3:LR797794.1; chromosome 4:LR797795.1; chromosome 5:LR797796.1		5			2020/05/15	2020/05/15	Chromosome	MAX PLANCK INSTITUTE FOR DEVELOPMENTAL BIOLOGY	SAMEA6623706
28413	Arabidopsis thaliana	3702	PRJEB55353	933067	Plants	Land Plants	142.679	36.5236	GCA_946411805.1	chromosome 1:OX291714.1; chromosome 2:OX291715.1; chromosome 3:OX291716.1; chromosome 4:OX291717.1; chromosome 5:OX291718.1		5			2023/02/09	2023/02/10	Chromosome	max planck institute for biology tuebingen	SAMEA110648821
28417	Arabidopsis thaliana	3702	PRJEB55632	947457	Plants	Land Plants	135.766	36.3172	GCA_949796655.1	chromosome 1:OX461140.1; chromosome 2:OX461141.1; chromosome 3:OX461142.1; chromosome 4:OX461143.1; chromosome 5:OX461144.1		5			2023/04/09	2023/04/10	Chromosome	max planck institute for biology	SAMEA110755681
28487	Arabidopsis thaliana	3702	PRJNA779205	779205	Plants	Land Plants	126.09	36.1147	GCA_024498455.1	chromosome 1:CP086734.1; chromosome 2:CP086735.1; chromosome 3:CP086736.1; chromosome 4:CP086737.1; chromosome 5:CP086738.1		5			2022/08/01	2022/08/01	Chromosome	GMI - Gregor Mendel Institute	SAMN23014732
28488	Arabidopsis thaliana	3702	PRJEB55632	947457	Plants	Land Plants	134.331	36.2466	GCA_949796485.1	chromosome 1:OX461170.1; chromosome 2:OX461171.1; chromosome 3:OX461172.1; chromosome 4:OX461173.1; chromosome 5:OX461174.1		5			2023/04/09	2023/04/10	Chromosome	max planck institute for biology	SAMEA110755689
28558	Arabidopsis thaliana	3702	PRJNA779205	779205	Plants	Land Plants	124.618	36.1282	GCA_024498555.1	chromosome 1:CP086754.1; chromosome 2:CP086755.1; chromosome 3:CP086756.1; chromosome 4:CP086757.1; chromosome 5:CP086758.1		5			2022/08/01	2022/08/01	Chromosome	GMI - Gregor Mendel Institute	SAMN23014728
28559	Arabidopsis thaliana	3702	PRJNA779205	779205	Plants	Land Plants	122.66	36.1471	GCA_024498495.1	chromosome 1:CP086744.1; chromosome 2:CP086745.1; chromosome 3:CP086746.1; chromosome 4:CP086747.1; chromosome 5:CP086748.1		5			2022/08/01	2022/08/01	Chromosome	GMI - Gregor Mendel Institute	SAMN23014730
28628	Arabidopsis thaliana	3702	PRJEB55632	947457	Plants	Land Plants	137.917	36.3522	GCA_949796635.1	chromosome 1:OX461160.1; chromosome 2:OX461161.1; chromosome 3:OX461162.1; chromosome 4:OX461163.1; chromosome 5:OX461164.1		5			2023/04/09	2023/04/10	Chromosome	max planck institute for biology	SAMEA110755676
28629	Arabidopsis thaliana	3702	PRJEB55632	947457	Plants	Land Plants	132.82	36.237	GCA_949796715.1	chromosome 1:OX461190.1; chromosome 2:OX461191.1; chromosome 3:OX461192.1; chromosome 4:OX461193.1; chromosome 5:OX461194.1		5			2023/04/09	2023/04/10	Chromosome	max planck institute for biology	SAMEA110755684
28696	Arabidopsis thaliana	3702	PRJEB55632	947457	Plants	Land Plants	138.387	36.3583	GCA_949796375.1	chromosome 1:OX461150.1; chromosome 2:OX461151.1; chromosome 3:OX461152.1; chromosome 4:OX461153.1; chromosome 5:OX461154.1		5			2023/04/09	2023/04/10	Chromosome	max planck institute for biology	SAMEA110755678
28697	Arabidopsis thaliana	3702	PRJEB55632	947457	Plants	Land Plants	134.776	36.2816	GCA_949796755.1	chromosome 1:OX461175.1; chromosome 2:OX461176.1; chromosome 3:OX461177.1; chromosome 4:OX461178.1; chromosome 5:OX461179.1		5			2023/04/09	2023/04/10	Chromosome	max planck institute for biology	SAMEA110755685
28761	Arabidopsis thaliana	3702	PRJEB37260	630638	Plants	Land Plants	120.693	36.3464	GCA_903064325.1	chromosome 1:LR797807.1; chromosome 2:LR797808.1; chromosome 3:LR797809.1; chromosome 4:LR797810.1; chromosome 5:LR797811.1		5			2020/05/15	2020/05/15	Chromosome	MAX PLANCK INSTITUTE FOR DEVELOPMENTAL BIOLOGY	SAMEA6623705
28762	Arabidopsis thaliana	3702	PRJEB55632	947457	Plants	Land Plants	135.983	36.342	GCA_949796705.1	chromosome 1:OX461185.1; chromosome 2:OX461186.1; chromosome 3:OX461187.1; chromosome 4:OX461188.1; chromosome 5:OX461189.1		5			2023/04/09	2023/04/10	Chromosome	max planck institute for biology	SAMEA110755679
28827	Arabidopsis thaliana	3702	PRJEB55632	947457	Plants	Land Plants	140.096	36.3563	GCA_949796415.1	chromosome 1:OX461195.1; chromosome 2:OX461196.1; chromosome 3:OX461197.1; chromosome 4:OX461198.1; chromosome 5:OX461199.1		5			2023/04/09	2023/04/10	Chromosome	max planck institute for biology	SAMEA110755682
28828	Arabidopsis thaliana	3702	PRJEB55632	947457	Plants	Land Plants	134.099	36.2849	GCA_949796525.1	chromosome 1:OX461205.1; chromosome 2:OX461206.1; chromosome 3:OX461207.1; chromosome 4:OX461208.1; chromosome 5:OX461209.1		5			2023/04/09	2023/04/10	Chromosome	max planck institute for biology	SAMEA110755673
28891	Arabidopsis thaliana	3702	PRJEB55632	947457	Plants	Land Plants	140.806	36.4555	GCA_949796665.1	chromosome 1:OX461180.1; chromosome 2:OX461181.1; chromosome 3:OX461182.1; chromosome 4:OX461183.1; chromosome 5:OX461184.1		5			2023/04/09	2023/04/10	Chromosome	max planck institute for biology	SAMEA110755687
28892	Arabidopsis thaliana	3702	PRJNA779205	779205	Plants	Land Plants	120.087	36.1894	GCA_024498515.1	chromosome 1:CP086749.1; chromosome 2:CP086750.1; chromosome 3:CP086751.1; chromosome 4:CP086752.1; chromosome 5:CP086753.1		5			2022/08/01	2022/08/01	Chromosome	GMI - Gregor Mendel Institute	SAMN23014729
28951	Arabidopsis thaliana	3702	PRJNA834751	834751	Plants	Land Plants	119.744	36.0061	GCA_025388435.1	chromosome 1:CM046288.1; chromosome 2:CM046289.1; chromosome 3:CM046290.1; chromosome 4:CM046291.1; chromosome 5:CM046292.1; mitochondrion MT:CM046312.1; chloroplast Pltd:CM046313.1	JAMBAT01	36			2022/09/23	2022/09/25	Chromosome	INRAE/CNRS	SAMN28055790
28952	Arabidopsis thaliana	3702	PRJEB31147	572789	Plants	Land Plants	120.338	36.1308	GCA_902460285.1	chromosome 1:LR699770.1; chromosome 2:LR699771.1; chromosome 3:LR699772.1; chromosome 4:LR699773.1; chromosome 5:LR699774.1	CABPTM01	105			2019/08/27	2019/08/27	Chromosome	MAX PLANCK INSTITUTE FOR PLANT BREEDING RESEARCH	SAMEA5751963
29010	Arabidopsis thaliana	3702	PRJEB30763	522182	Plants	Land Plants	119.627	36.1052	GCA_900660825.1	chromosome 1:LR215052.1; chromosome 2:LR215053.1; chromosome 3:LR215054.1; chromosome 4:LR215055.1; chromosome 5:LR215056.1	CAACVU01	109			2019/02/11	2019/02/11	Chromosome	MAX PLANCK INSTITUTE FOR PLANT BREEDING RESEARCH	SAMEA5244800
29011	Arabidopsis thaliana	3702	PRJEB31147	572789	Plants	Land Plants	122.202	36.2377	GCA_902460305.1	chromosome 1:LR699755.1; chromosome 2:LR699756.1; chromosome 3:LR699757.1; chromosome 4:LR699758.1; chromosome 5:LR699759.1	CABPTJ01	184			2019/08/27	2019/08/27	Chromosome	MAX PLANCK INSTITUTE FOR PLANT BREEDING RESEARCH	SAMEA5751962
29067	Arabidopsis thaliana	3702	PRJEB51511	814609	Plants	Land Plants	138.836	36.4166	GCA_933208065.1	chromosome 1:OW119596.1; chromosome 2:OW119597.1; chromosome 3:OW119598.1; chromosome 4:OW119599.1; chromosome 5:OW119600.1; mitochondrion MT:OW119601.1; chloroplast Pltd:OW119602.1	CAKOER01	25			2022/03/10	2022/03/21	Chromosome	WELLCOME SANGER INSTITUTE	SAMEA7522056
29068	Arabidopsis thaliana	3702	PRJEB31147	572789	Plants	Land Plants	120.13	36.121	GCA_902460265.3	chromosome 1:LR699745.2; chromosome 2:LR699746.2; chromosome 3:LR699747.2; chromosome 4:LR699748.2; chromosome 5:LR699749.2	CABPTH03	111			2019/08/27	2019/08/27	Chromosome	MAX PLANCK INSTITUTE FOR PLANT BREEDING RESEARCH	SAMEA5751958
29121	Arabidopsis thaliana	3702	PRJEB31147	572789	Plants	Land Plants	119.75	36.0698	GCA_902460275.1	chromosome 1:LR699760.1; chromosome 2:LR699761.1; chromosome 3:LR699762.1; chromosome 4:LR699763.1; chromosome 5:LR699764.1	CABPTK01	102			2019/08/27	2019/08/27	Chromosome	MAX PLANCK INSTITUTE FOR PLANT BREEDING RESEARCH	SAMEA5751960
29122	Arabidopsis thaliana	3702	PRJEB31147	572789	Plants	Land Plants	120.29	36.1365	GCA_902460295.1	chromosome 1:LR699750.1; chromosome 2:LR699751.1; chromosome 3:LR699752.1; chromosome 4:LR699753.1; chromosome 5:LR699754.1	CABPTI01	94			2019/08/27	2019/08/27	Chromosome	MAX PLANCK INSTITUTE FOR PLANT BREEDING RESEARCH	SAMEA5751964
29171	Arabidopsis thaliana	3702	PRJEB31147	572789	Plants	Land Plants	120.795	36.1309	GCA_902460315.1	chromosome 1:LR699765.1; chromosome 2:LR699766.1; chromosome 3:LR699767.1; chromosome 4:LR699768.1; chromosome 5:LR699769.1	CABPTL01	142			2019/08/27	2019/08/27	Chromosome	MAX PLANCK INSTITUTE FOR PLANT BREEDING RESEARCH	SAMEA5751961
29172	Arabidopsis thaliana	3702	PRJNA311266	311266	Plants	Land Plants	118.891	35.8882	GCA_001651475.1	chromosome 1:CM004359.1; chromosome 2:CM004360.1; chromosome 3:CM004361.1; chromosome 4:CM004362.1; chromosome 5:CM004363.1	LUHQ01	30	27170.0	30837.0	2016/05/25	2016/05/27	Chromosome	Center for genomic Regulation	SAMN04457953
29221	Arabidopsis thaliana	3702	PRJEB35658	706965	Plants	Land Plants	124.088	36.4	GCA_905067165.1		CAJHIL01	35			2021/03/11	2021/03/11	Contig	CENTER FOR BIOTECHNOLOGY, BIELEFELD UNIVERSITY	SAMEA7490021
29223	Arabidopsis thaliana	3702	PRJEB44316	840115	Plants	Land Plants	117.099	36.1	GCA_910573875.1		CAJTBN01	79			2022/04/30	2022/04/30	Contig	INRAE	SAMEA8574185
29268	Arabidopsis thaliana	3702	PRJEB21270	400882	Plants	Land Plants	119.503	36.1	GCA_900303355.1		OMOL01	62			2018/03/09	2018/03/09	Contig	MPI FOR DEVELOPMENTAL BIOLOGY	SAMEA104665750
29270	Arabidopsis thaliana	3702	PRJEB49840	796906	Plants	Land Plants	129.409	36.2	GCA_927323615.1		CAKMHS01	54			2022/01/21	2022/01/21	Contig	Keygene N.V.	SAMEA12120298
29317	Arabidopsis thaliana	3702	PRJNA237120	237120	Plants	Land Plants	127.419	36.7	GCA_000835945.1		JSAD01	378			2014/11/10	2014/11/10	Contig	Pacific Biosciences	SAMN02724977
29318	Arabidopsis thaliana	3702	PRJEB23084	430541	Plants	Land Plants	119.75	36.1	GCA_900303345.1		OMOK01	78			2018/03/09	2018/03/09	Contig	MPI FOR DEVELOPMENTAL BIOLOGY	SAMEA104665749
29363	Arabidopsis thaliana	3702	PRJEB45213	840140	Plants	Land Plants	117.094	36.1	GCA_910574415.1		CAJTBL01	101			2022/04/30	2022/04/30	Contig	INRAE	SAMEA8574186
29366	Arabidopsis thaliana	3702	PRJEB23977	438629	Plants	Land Plants	119.167	36.1	GCA_900243945.1		OFAM01	59			2018/03/19	2018/03/19	Contig	SALK INSTITUTE FOR BIOLOGICAL STUDIES	SAMEA104444962
29411	Arabidopsis thaliana	3702	PRJEB37259	630637	Plants	Land Plants	120.615	36.1	GCA_903064315.1		CAEFZF01	86			2020/05/15	2020/05/15	Contig	MAX PLANCK INSTITUTE FOR DEVELOPMENTAL BIOLOGY	SAMEA6623704
29412	Arabidopsis thaliana	3702	PRJEB31147	572789	Plants	Land Plants	120.13	36.1	GCA_902651935.1		CACRSJ01	111	27194.0	27334.0	2019/11/12	2019/11/12	Scaffold	MAX PLANCK INSTITUTE FOR PLANT BREEDING RESEARCH	SAMEA5751958
29455	Arabidopsis thaliana	3702	PRJNA314706	314706	Plants	Land Plants	244.583	36.4	GCA_001753755.2		MJMM01	411			2016/10/07	2016/11/15	Contig	Pacific Biosciences	SAMN04539663
29456	Arabidopsis thaliana	3702	PRJEB23977	438629	Plants	Land Plants	119.203	36.0	GCA_900243935.1		OFEF01	40			2018/03/18	2018/03/18	Contig	SALK INSTITUTE FOR BIOLOGICAL STUDIES	SAMEA104444960
29496	Arabidopsis thaliana	3702	PRJEB31147	572789	Plants	Land Plants	119.225	36.0	GCA_902705455.1		CACSHJ01	98	27029.0	27213.0	2019/12/12	2019/12/12	Scaffold	MAX PLANCK INSTITUTE FOR PLANT BREEDING RESEARCH	SAMEA5751959
29497	Arabidopsis thaliana	3702	PRJEB23977	438629	Plants	Land Plants	119.128	36.2	GCA_900243955.1		OFAN01	139			2018/03/19	2018/03/19	Contig	SALK INSTITUTE FOR BIOLOGICAL STUDIES	SAMEA104444961
29537	Arabidopsis thaliana	3702	PRJNA302255	302255	Plants	Land Plants	116.846	36.1	GCA_001742845.1		LXSY01	5197			2016/09/23	2016/10/14	Scaffold	Bielefeld University, CeBiTec & Department of Biology	SAMN04270984
29538	Arabidopsis thaliana	3702	PRJEB51512	814610	Plants	Land Plants	0.840519	46.7	GCA_933208075.1		CAKOEQ01	18			2022/03/10	2022/03/21	Contig	WELLCOME SANGER INSTITUTE	SAMEA7522056
29579	Arabidopsis thaliana	3702	PRJNA30811	30811	Plants	Land Plants	98.0662	36.6	GCA_000222345.1		AFNB01	1740			2011/07/18	2014/08/11	Scaffold	1001genomes	SAMN02981335
29580	Arabidopsis thaliana	3702	PRJNA30811	30811	Plants	Land Plants	96.5002	36.7	GCA_000222325.1		AFNA01	2143			2011/07/18	2014/08/11	Scaffold	1001genomes	SAMN02981334
29619	Arabidopsis thaliana	3702	PRJNA30811	30811	Plants	Land Plants	96.2565	36.6	GCA_000222365.1		AFMZ01	1261			2011/07/18	2014/08/11	Scaffold	1001genomes	SAMN02981333
29622	Arabidopsis thaliana	3702	PRJNA30811	30811	Plants	Land Plants	96.694	36.7	GCA_000222385.1		AFNC01	2408			2011/07/18	2014/08/11	Scaffold	1001genomes	SAMN02981336
29659	Arabidopsis thaliana	3702	PRJNA13190	13190	Plants	Land Plants	93.6545	36.0433	GCA_000211275.1	chromosome 1 bottom arm:AE005173.1; chromosome 1 top arm:AE005172.1; chromosome 3:BA000014.8; chromosome 4 long arm:AJ270060.1; chromosome 4 short arm:AJ270058.1; chromosome 5:BA000015.5		6	16842.0	20111.0	2000/12/14	2007/05/19	Chromosome	Arabidopsis Genome Initiative	SAMN03081413
29661	Arabidopsis thaliana	3702	PRJEB23122	549192	Plants	Land Plants	0.195283	37.3	GCA_900234075.1		OCZF01	19			2019/06/17	2019/06/17	Contig	MPI FOR DEVELOPMENTAL BIOLOGY	SAMEA104356393
29699	Arabidopsis thaliana	3702	PRJEB23122	549192	Plants	Land Plants	1.71971	36.7	GCA_900234235.1		OCYH01	133			2019/06/17	2019/06/17	Contig	MPI FOR DEVELOPMENTAL BIOLOGY	SAMEA104356401
29700	Arabidopsis thaliana	3702	PRJEB23122	549192	Plants	Land Plants	1.87192	37.2	GCA_900233735.1		OCWZ01	156			2019/06/17	2019/06/17	Contig	MPI FOR DEVELOPMENTAL BIOLOGY	SAMEA104356344
29731	Arabidopsis thaliana	3702	PRJEB23122	549192	Plants	Land Plants	2.02645	36.8	GCA_900234125.1		OCXO01	164			2019/06/17	2019/06/17	Contig	MPI FOR DEVELOPMENTAL BIOLOGY	SAMEA104356389
29734	Arabidopsis thaliana	3702	PRJEB23122	549192	Plants	Land Plants	2.01361	36.5	GCA_900234305.1		OCYE01	163			2019/06/17	2019/06/17	Contig	MPI FOR DEVELOPMENTAL BIOLOGY	SAMEA104356397
29760	Arabidopsis thaliana	3702	PRJEB23122	549192	Plants	Land Plants	2.68429	37.0	GCA_900233785.1		OCWV01	231			2019/06/17	2019/06/17	Contig	MPI FOR DEVELOPMENTAL BIOLOGY	SAMEA104356346
29763	Arabidopsis thaliana	3702	PRJEB23122	549192	Plants	Land Plants	1.60963	37.1	GCA_900234265.1		OCYD01	141			2019/06/17	2019/06/17	Contig	MPI FOR DEVELOPMENTAL BIOLOGY	SAMEA104356409
29790	Arabidopsis thaliana	3702	PRJEB23122	549192	Plants	Land Plants	2.04223	36.6	GCA_900234185.1		OCYB01	169			2019/06/17	2019/06/17	Contig	MPI FOR DEVELOPMENTAL BIOLOGY	SAMEA104356403
29793	Arabidopsis thaliana	3702	PRJEB23122	549192	Plants	Land Plants	1.84553	36.5	GCA_900233775.1		OCWC01	154			2019/06/17	2019/06/17	Contig	MPI FOR DEVELOPMENTAL BIOLOGY	SAMEA104356356
29820	Arabidopsis thaliana	3702	PRJEB23122	549192	Plants	Land Plants	1.88946	36.9	GCA_900234295.1		OCYF01	171			2019/06/17	2019/06/17	Contig	MPI FOR DEVELOPMENTAL BIOLOGY	SAMEA104356400
29823	Arabidopsis thaliana	3702	PRJEB23122	549192	Plants	Land Plants	1.95856	36.9	GCA_900234275.1		OCYJ01	167			2019/06/17	2019/06/17	Contig	MPI FOR DEVELOPMENTAL BIOLOGY	SAMEA104356411
29850	Arabidopsis thaliana	3702	PRJEB23122	549192	Plants	Land Plants	1.53762	37.1	GCA_900233705.1		OCVZ01	126			2019/06/17	2019/06/17	Contig	MPI FOR DEVELOPMENTAL BIOLOGY	SAMEA104356358
29853	Arabidopsis thaliana	3702	PRJEB23122	549192	Plants	Land Plants	1.4141	37.0	GCA_900234025.1		OCXK01	116			2019/06/17	2019/06/17	Contig	MPI FOR DEVELOPMENTAL BIOLOGY	SAMEA104356391
29878	Arabidopsis thaliana	3702	PRJEB23122	549192	Plants	Land Plants	1.72997	36.9	GCA_900233685.1		OCWA01	149			2019/06/17	2019/06/17	Contig	MPI FOR DEVELOPMENTAL BIOLOGY	SAMEA104356350
29881	Arabidopsis thaliana	3702	PRJEB23122	549192	Plants	Land Plants	2.27092	36.4	GCA_900233725.1		OCWQ01	190			2019/06/17	2019/06/17	Contig	MPI FOR DEVELOPMENTAL BIOLOGY	SAMEA104356368
29906	Arabidopsis thaliana	3702	PRJEB23122	549192	Plants	Land Plants	2.13757	36.9	GCA_900234165.1		OCYN01	189			2019/06/17	2019/06/17	Contig	MPI FOR DEVELOPMENTAL BIOLOGY	SAMEA104356399
29909	Arabidopsis thaliana	3702	PRJEB23122	549192	Plants	Land Plants	1.73315	36.9	GCA_900234135.1		OCXS01	143			2019/06/17	2019/06/17	Contig	MPI FOR DEVELOPMENTAL BIOLOGY	SAMEA104356383
29933	Arabidopsis thaliana	3702	PRJEB23122	549192	Plants	Land Plants	1.78161	36.9	GCA_900233965.1		OCXD01	170			2019/06/17	2019/06/17	Contig	MPI FOR DEVELOPMENTAL BIOLOGY	SAMEA104356347
29936	Arabidopsis thaliana	3702	PRJEB23122	549192	Plants	Land Plants	1.93182	36.6	GCA_900234175.1		OCYM01	173			2019/06/17	2019/06/17	Contig	MPI FOR DEVELOPMENTAL BIOLOGY	SAMEA104356394
29961	Arabidopsis thaliana	3702	PRJEB23122	549192	Plants	Land Plants	1.8648	36.8	GCA_900234115.1		OCXN01	164			2019/06/17	2019/06/17	Contig	MPI FOR DEVELOPMENTAL BIOLOGY	SAMEA104356379
29964	Arabidopsis thaliana	3702	PRJEB23122	549192	Plants	Land Plants	2.27278	36.6	GCA_900233995.1		OCXQ01	199			2019/06/17	2019/06/17	Contig	MPI FOR DEVELOPMENTAL BIOLOGY	SAMEA104356386
29987	Arabidopsis thaliana	3702	PRJEB23122	549192	Plants	Land Plants	1.83575	36.9	GCA_900234145.1		OCXW01	156			2019/06/17	2019/06/17	Contig	MPI FOR DEVELOPMENTAL BIOLOGY	SAMEA104356405
29990	Arabidopsis thaliana	3702	PRJEB23122	549192	Plants	Land Plants	2.15462	36.9	GCA_900234285.1		OCYA01	194			2019/06/17	2019/06/17	Contig	MPI FOR DEVELOPMENTAL BIOLOGY	SAMEA104356396
30014	Arabidopsis thaliana	3702	PRJEB23122	549192	Plants	Land Plants	1.76999	37.1	GCA_900234105.1		OCXU01	156			2019/06/17	2019/06/17	Contig	MPI FOR DEVELOPMENTAL BIOLOGY	SAMEA104356377
30017	Arabidopsis thaliana	3702	PRJEB23122	549192	Plants	Land Plants	1.9492	36.9	GCA_900233755.1		OCWR01	183			2019/06/17	2019/06/17	Contig	MPI FOR DEVELOPMENTAL BIOLOGY	SAMEA104356375
30040	Arabidopsis thaliana	3702	PRJEB23122	549192	Plants	Land Plants	1.75614	36.8	GCA_900233985.1		OCXL01	156			2019/06/17	2019/06/17	Contig	MPI FOR DEVELOPMENTAL BIOLOGY	SAMEA104356381
30043	Arabidopsis thaliana	3702	PRJEB23122	549192	Plants	Land Plants	1.86784	37.0	GCA_900234215.1		OCYC01	173			2019/06/17	2019/06/17	Contig	MPI FOR DEVELOPMENTAL BIOLOGY	SAMEA104356402
30063	Arabidopsis thaliana	3702	PRJEB23122	549192	Plants	Land Plants	1.83401	37.7	GCA_900234205.1		OCYL01	182			2019/06/17	2019/06/17	Contig	MPI FOR DEVELOPMENTAL BIOLOGY	SAMEA104356407
30065	Arabidopsis thaliana	3702	PRJEB23122	549192	Plants	Land Plants	1.56864	37.1	GCA_900234065.1		OCXH01	151			2019/06/17	2019/06/17	Contig	MPI FOR DEVELOPMENTAL BIOLOGY	SAMEA104356384
30085	Arabidopsis thaliana	3702	PRJEB23122	549192	Plants	Land Plants	1.97277	36.7	GCA_900233765.1		OCWY01	169			2019/06/17	2019/06/17	Contig	MPI FOR DEVELOPMENTAL BIOLOGY	SAMEA104356365
30088	Arabidopsis thaliana	3702	PRJEB23122	549192	Plants	Land Plants	1.65792	37.1	GCA_900233795.1		OCXE01	153			2019/06/17	2019/06/17	Contig	MPI FOR DEVELOPMENTAL BIOLOGY	SAMEA104356349
30108	Arabidopsis thaliana	3702	PRJEB23122	549192	Plants	Land Plants	1.86401	37.0	GCA_900233745.1		OCWJ01	172			2019/06/17	2019/06/17	Contig	MPI FOR DEVELOPMENTAL BIOLOGY	SAMEA104356351
30111	Arabidopsis thaliana	3702	PRJEB23122	549192	Plants	Land Plants	1.93139	36.8	GCA_900234155.1		OCXX01	180			2019/06/17	2019/06/17	Contig	MPI FOR DEVELOPMENTAL BIOLOGY	SAMEA104356398
30132	Arabidopsis thaliana	3702	PRJEB23122	549192	Plants	Land Plants	1.62901	37.1	GCA_900234045.1		OCXG01	158			2019/06/17	2019/06/17	Contig	MPI FOR DEVELOPMENTAL BIOLOGY	SAMEA104356378
30134	Arabidopsis thaliana	3702	PRJEB23122	549192	Plants	Land Plants	1.93135	37.2	GCA_900234195.1		OCYG01	176			2019/06/17	2019/06/17	Contig	MPI FOR DEVELOPMENTAL BIOLOGY	SAMEA104356395
30156	Arabidopsis thaliana	3702	PRJEB23122	549192	Plants	Land Plants	1.82675	36.9	GCA_900233665.1		OCWE01	191			2019/06/17	2019/06/17	Contig	MPI FOR DEVELOPMENTAL BIOLOGY	SAMEA104356355
30159	Arabidopsis thaliana	3702	PRJEB23122	549192	Plants	Land Plants	1.72986	36.8	GCA_900233875.1		OCWP01	182			2019/06/17	2019/06/17	Contig	MPI FOR DEVELOPMENTAL BIOLOGY	SAMEA104356353
30180	Arabidopsis thaliana	3702	PRJEB23122	549192	Plants	Land Plants	1.37218	37.1	GCA_900233905.1		OCWL01	132			2019/06/17	2019/06/17	Contig	MPI FOR DEVELOPMENTAL BIOLOGY	SAMEA104356370
30183	Arabidopsis thaliana	3702	PRJEB23122	549192	Plants	Land Plants	1.68821	36.8	GCA_900233635.1		OCVY01	157			2019/06/17	2019/06/17	Contig	MPI FOR DEVELOPMENTAL BIOLOGY	SAMEA104356371
30204	Arabidopsis thaliana	3702	PRJEB23122	549192	Plants	Land Plants	1.65938	36.8	GCA_900233835.1		OCWB01	159			2019/06/17	2019/06/17	Contig	MPI FOR DEVELOPMENTAL BIOLOGY	SAMEA104356376
30207	Arabidopsis thaliana	3702	PRJEB23122	549192	Plants	Land Plants	2.05357	36.9	GCA_900234085.1		OCXM01	194			2019/06/17	2019/06/17	Contig	MPI FOR DEVELOPMENTAL BIOLOGY	SAMEA104356392
30228	Arabidopsis thaliana	3702	PRJEB23122	549192	Plants	Land Plants	1.55025	36.9	GCA_900234325.1		OCYO01	153			2019/06/17	2019/06/17	Contig	MPI FOR DEVELOPMENTAL BIOLOGY	SAMEA104356413
30231	Arabidopsis thaliana	3702	PRJEB23122	549192	Plants	Land Plants	1.34032	37.0	GCA_900233645.1		OCWG01	133			2019/06/17	2019/06/17	Contig	MPI FOR DEVELOPMENTAL BIOLOGY	SAMEA104356363
30251	Arabidopsis thaliana	3702	PRJEB23122	549192	Plants	Land Plants	1.90115	36.9	GCA_900234245.1		OCXY01	200			2019/06/17	2019/06/17	Contig	MPI FOR DEVELOPMENTAL BIOLOGY	SAMEA104356408
30254	Arabidopsis thaliana	3702	PRJEB23122	549192	Plants	Land Plants	1.7997	36.9	GCA_900234095.1		OCXR01	173			2019/06/17	2019/06/17	Contig	MPI FOR DEVELOPMENTAL BIOLOGY	SAMEA104356387
30275	Arabidopsis thaliana	3702	PRJEB23122	549192	Plants	Land Plants	1.33758	37.4	GCA_900233865.1		OCWN01	133			2019/06/17	2019/06/17	Contig	MPI FOR DEVELOPMENTAL BIOLOGY	SAMEA104356364
30278	Arabidopsis thaliana	3702	PRJEB23122	549192	Plants	Land Plants	1.5272	36.7	GCA_900233805.1		OCWS01	146			2019/06/17	2019/06/17	Contig	MPI FOR DEVELOPMENTAL BIOLOGY	SAMEA104356373
30299	Arabidopsis thaliana	3702	PRJEB23122	549192	Plants	Land Plants	2.18075	36.9	GCA_900234035.1		OCXI01	205			2019/06/17	2019/06/17	Contig	MPI FOR DEVELOPMENTAL BIOLOGY	SAMEA104356390
30302	Arabidopsis thaliana	3702	PRJEB23122	549192	Plants	Land Plants	1.60312	37.1	GCA_900234365.1		OCYP01	153			2019/06/17	2019/06/17	Contig	MPI FOR DEVELOPMENTAL BIOLOGY	SAMEA104356412
30323	Arabidopsis thaliana	3702	PRJEB23122	549192	Plants	Land Plants	1.4618	37.3	GCA_900233825.1		OCWH01	147			2019/06/17	2019/06/17	Contig	MPI FOR DEVELOPMENTAL BIOLOGY	SAMEA104356367
30326	Arabidopsis thaliana	3702	PRJEB23122	549192	Plants	Land Plants	1.61604	36.6	GCA_900233855.1		OCXC01	153			2019/06/17	2019/06/17	Contig	MPI FOR DEVELOPMENTAL BIOLOGY	SAMEA104356414
30346	Arabidopsis thaliana	3702	PRJEB23122	549192	Plants	Land Plants	1.80119	37.1	GCA_900233695.1		OCXF01	169			2019/06/17	2019/06/17	Contig	MPI FOR DEVELOPMENTAL BIOLOGY	SAMEA104356348
30349	Arabidopsis thaliana	3702	PRJEB23122	549192	Plants	Land Plants	1.66717	37.0	GCA_900234315.1		OCYK01	179			2019/06/17	2019/06/17	Contig	MPI FOR DEVELOPMENTAL BIOLOGY	SAMEA104356406
30368	Arabidopsis thaliana	3702	PRJEB23122	549192	Plants	Land Plants	1.36257	37.2	GCA_900233915.1		OCXB01	136			2019/06/17	2019/06/17	Contig	MPI FOR DEVELOPMENTAL BIOLOGY	SAMEA104356361
30371	Arabidopsis thaliana	3702	PRJEB23122	549192	Plants	Land Plants	1.76317	37.1	GCA_900234055.1		OCXV01	182			2019/06/17	2019/06/17	Contig	MPI FOR DEVELOPMENTAL BIOLOGY	SAMEA104356382
30390	Arabidopsis thaliana	3702	PRJEB23122	549192	Plants	Land Plants	1.38144	37.3	GCA_900233885.1		OCWT01	140			2019/06/17	2019/06/17	Contig	MPI FOR DEVELOPMENTAL BIOLOGY	SAMEA104356372
30393	Arabidopsis thaliana	3702	PRJEB23122	549192	Plants	Land Plants	1.15189	37.3	GCA_900233655.1		OCWF01	124			2019/06/17	2019/06/17	Contig	MPI FOR DEVELOPMENTAL BIOLOGY	SAMEA104356362
30410	Arabidopsis thaliana	3702	PRJEB23122	549192	Plants	Land Plants	1.33529	37.4	GCA_900234005.1		OCXJ01	137			2019/06/17	2019/06/17	Contig	MPI FOR DEVELOPMENTAL BIOLOGY	SAMEA104356380
30412	Arabidopsis thaliana	3702	PRJEB23122	549192	Plants	Land Plants	1.71934	37.1	GCA_900233815.1		OCWO01	188			2019/06/17	2019/06/17	Contig	MPI FOR DEVELOPMENTAL BIOLOGY	SAMEA104356360
30431	Arabidopsis thaliana	3702	PRJEB23122	549192	Plants	Land Plants	1.11018	37.8	GCA_900234015.1		OCXT01	124			2019/06/17	2019/06/17	Contig	MPI FOR DEVELOPMENTAL BIOLOGY	SAMEA104356385
30434	Arabidopsis thaliana	3702	PRJEB23122	549192	Plants	Land Plants	1.03397	37.6	GCA_900233675.1		OCWK01	120			2019/06/17	2019/06/17	Contig	MPI FOR DEVELOPMENTAL BIOLOGY	SAMEA104356369
30453	Arabidopsis thaliana	3702	PRJEB23122	549192	Plants	Land Plants	1.15	37.4	GCA_900233845.1		OCWM01	133			2019/06/17	2019/06/17	Contig	MPI FOR DEVELOPMENTAL BIOLOGY	SAMEA104356366
30456	Arabidopsis thaliana	3702	PRJEB23122	549192	Plants	Land Plants	1.31957	37.3	GCA_900233895.1		OCWX01	158			2019/06/17	2019/06/17	Contig	MPI FOR DEVELOPMENTAL BIOLOGY	SAMEA104356359
30474	Arabidopsis thaliana	3702	PRJEB23122	549192	Plants	Land Plants	1.14084	37.6	GCA_900233715.1		OCXA01	138			2019/06/17	2019/06/17	Contig	MPI FOR DEVELOPMENTAL BIOLOGY	SAMEA104356374
30476	Arabidopsis thaliana	3702	PRJEB23122	549192	Plants	Land Plants	1.26394	37.5	GCA_900233945.1		OCWD01	151			2019/06/17	2019/06/17	Contig	MPI FOR DEVELOPMENTAL BIOLOGY	SAMEA104356357
30496	Arabidopsis thaliana	3702	PRJEB23122	549192	Plants	Land Plants	2.03504	38.9	GCA_900233925.1		OCWI01	248			2019/06/17	2019/06/17	Contig	MPI FOR DEVELOPMENTAL BIOLOGY	SAMEA104356354
30499	Arabidopsis thaliana	3702	PRJEB23122	549192	Plants	Land Plants	0.844674	40.9	GCA_900233975.1		OCXP01	119			2019/06/17	2019/06/17	Contig	MPI FOR DEVELOPMENTAL BIOLOGY	SAMEA104356388
30515	Arabidopsis thaliana	3702	PRJEB23122	549192	Plants	Land Plants	0.838703	37.3	GCA_900233955.1		OCWU01	109			2019/06/17	2019/06/17	Contig	MPI FOR DEVELOPMENTAL BIOLOGY	SAMEA104356352
30518	Arabidopsis thaliana	3702	PRJEB23122	549192	Plants	Land Plants	0.32515	38.6	GCA_900234225.1		OCYI01	52			2019/06/17	2019/06/17	Contig	MPI FOR DEVELOPMENTAL BIOLOGY	SAMEA104356410
30533	Arabidopsis thaliana	3702	PRJEB23122	549192	Plants	Land Plants	0.847842	37.4	GCA_900234255.1		OCXZ01	146			2019/06/17	2019/06/17	Contig	MPI FOR DEVELOPMENTAL BIOLOGY	SAMEA104356404
